<?xml version="1.0"?>
<config xmlns:xsi="http://www.w3.org/2001/XMLSchema-instance" xsi:noNamespaceSchemaLocation="urn:magento:framework:ObjectManager/etc/config.xsd">
    <type name="Magento\Framework\Console\CommandList">
        <arguments>
            <argument name="commands" xsi:type="array">
                <item name="updatecatagory" xsi:type="object">Wilsonart\ProductOptions\Console\AsignCategory</item>
                <item name="updatepartnumber" xsi:type="object">Wilsonart\ProductOptions\Console\AsignPartNumber</item>
            </argument>
        </arguments>
    </type>
   
</config>